width,height,samples,max_depth,focal_length_mm,fstop,focal_distance,aperture_blades,exposure,iso,threads,time_seconds,mrays_per_second
600,337,100,10,85mm,f/8.0,10 units,0,1/0.017,100,32,66.91,0.3022
600,337,100,10,85mm,f/8.0,10 units,0,1/0.017,100,32,62.30,0.3246
600,337,100,10,85mm,f/8.0,10 units,0,1/0.017,100,32,65.32,0.3095
600,337,100,10,85mm,f/8.0,10 units,0,1/0.017,100,32,62.81,0.3219
600,337,100,10,85mm,f/8.0,10 units,0,1/0.017,100,32,59.81,0.3381
600,337,100,10,85mm,f/8.0,10 units,0,1/0.000,500,32,64.31,0.3144
600,337,100,10,85mm,f/8.0,10 units,0,1/0.062,500,32,63.79,0.3170
600,337,100,10,85mm,f/8.0,10 units,0,1/0.062,500,32,61.72,0.3276
600,337,100,10,85mm,f/8.0,10 units,0,1/0.017,100,32,61.54,0.3285
600,337,100,10,85mm,f/8.0,10 units,0,1/0.017,100,32,62.83,0.3218
600,337,100,10,85mm,f/2.0,10 units,0,1/0.017,100,32,68.00,0.2974
600,337,100,10,85mm,f/1.0,10 units,7,1/0.017,100,32,60.83,0.3324
600,337,125,10,85mm,f/1.0,10 units,7,1/0.017,100,32,77.61,0.3257
600,337,125,10,85mm,f/1.0,10 units,7,1/0.017,100,32,170.64,0.1481
600,337,125,10,85mm,f/8.0,3 units,7,1/0.017,100,32,76.73,0.3294
600,337,125,10,85mm,f/8.0,3 units,0,1/0.017,100,32,81.05,0.3118
600,337,125,10,85mm,f/8.0,10 units,0,1/0.017,100,32,79.43,0.3182
600,337,125,10,85mm,f/8.0,10 units,0,1/0.017,100,32,78.48,0.3221
600,337,125,10,85mm,f/8.0,10 units,6,1/0.017,100,32,82.00,0.3082
600,337,125,10,85mm,f/1.4,10 units,6,1/0.017,100,32,81.61,0.3097
600,337,125,10,85mm,f/1.4,10 units,6,1/0.017,100,32,79.30,0.3187
600,337,125,10,85mm,f/1.4,10 units,6,1/0.017,100,32,76.13,0.3320
600,337,125,10,85mm,f/1.4,10 units,3,1/0.017,100,32,71.85,0.3518
600,337,125,10,85mm,f/1.4,10 units,3,1/0.017,100,32,82.76,0.3054
600,337,125,10,85mm,f/1.4,10 units,3,1/0.017,100,32,73.82,0.3424
600,337,125,10,85mm,f/1.4,10 units,3,1/0.017,100,32,75.80,0.3334
600,337,125,10,85mm,f/2.3,10 units,3,1/0.017,100,32,76.19,0.3317
600,337,125,10,85mm,f/2.3,10 units,3,1/0.017,100,32,73.48,0.3440
600,337,125,10,85mm,f/4.0,10 units,3,1/0.017,100,32,76.72,0.3295
600,337,125,10,85mm,f/4.0,10 units,nil,1/0.017,100,32,83.31,0.3034
600,337,125,10,85mm,f/18.0,10 units,nil,1/0.017,100,32,70.20,0.3600
600,337,125,10,85mm,f/60.0,10 units,nil,1/0.017,100,32,73.92,0.3419
1200,675,500,50,85mm,f/4.0,10 units,nil,1/0.017,100,32,779.89,0.5193
600,337,125,10,85mm,f/4.0,10 units,Circle (∅%.1fmm) 21.25,1/0.017,100,32,77.02,0.3282
600,337,125,10,85mm,f/4.0,10 units,Circle (∅21.2mm),1/0.017,100,32,78.72,0.3211
600,337,125,10,85mm,f/4.0,10 units,Circle (∅21.2mm),1/0.017,100,32,41.72,0.6058
600,337,125,10,85mm,f/4.0,10 units,6-blade,1/0.017,100,32,40.60,0.6225
600,337,125,10,85mm,f/4.0,10 units, (∅2.06mm),1/0.017,100,32,41.43,0.6101
600,337,125,10,85mm,f/4.0,10 units,Heart (∅2.06mm),1/0.017,100,32,40.52,0.6238
1200,675,500,50,85mm,f/8.0,10 units,Circle (∅10.6mm),1/0.017,100,32,628.85,0.6440
600,337,125,50,85mm,f/8.0,10 units,6-blade,1/0.017,100,32,39.59,0.6384
600,337,125,50,85mm,f/8.0,10 units,6-blade,1/0.017,100,32,35.31,0.7157
600,337,125,50,85mm,f/8.0,10 units,6-blade,1/0.017,100,32,34.19,0.7392
600,337,125,50,85mm,f/8.0,10 units,6-blade,1/0.017,100,32,35.18,0.7185
600,337,125,50,85mm,f/8.0,10 units,6-blade,1/0.017,100,32,35.28,0.7165
600,337,125,50,85mm,f/8.0,10 units,6-blade,1/0.017,100,32,37.72,0.6700
600,337,125,50,85mm,f/8.0,10 units,6-blade,1/0.017,100,32,35.54,0.7111
600,337,125,50,85mm,f/8.0,10 units,6-blade,1/0.017,100,32,35.19,0.7182
600,337,125,50,85mm,f/8.0,10 units,6-blade,1/0.017,100,32,35.79,0.7062
600,337,125,50,85mm,f/8.0,10 units,6-blade,1/0.017,100,32,39.85,0.6342
600,337,125,50,85mm,f/8.0,10 units,6-blade,1/0.017,100,32,41.76,0.6053
600,337,125,50,85mm,f/8.0,10 units,6-blade,1/0.017,100,32,40.00,0.6318
600,337,125,50,85mm,f/8.0,10 units,6-blade,1/0.017,100,32,40.80,0.6194
600,337,125,50,85mm,f/8.0,10 units,6-blade,1/0.017,100,32,40.99,0.6166
600,337,125,50,85mm,f/8.0,10 units,6-blade,1/0.017,100,32,41.12,0.6147
600,337,125,50,85mm,f/8.0,10 units,6-blade,1/0.017,100,32,39.60,0.6383
600,337,125,50,85mm,f/8.0,10 units,6-blade,1/0.017,100,32,130.15,0.1942
600,337,125,50,85mm,f/8.0,10 units,6-blade,1/0.017,100,32,131.89,0.1916
600,337,125,50,85mm,f/8.0,10 units,6-blade,1/0.017,100,32,161.77,0.1562
600,337,125,50,85mm,f/8.0,10 units,6-blade,1/0.017,100,32,155.59,0.1624
600,337,125,50,85mm,f/8.0,10 units,6-blade,1/0.017,100,32,17.48,1.4462
600,337,125,50,85mm,f/8.0,10 units,6-blade,1/0.017,100,32,18.08,1.3978
600,337,125,50,85mm,f/8.0,10 units,6-blade,1/0.017,100,32,18.47,1.3682
600,337,125,50,85mm,f/8.0,10 units,6-blade,1/0.017,100,32,18.16,1.3914
600,337,125,50,85mm,f/8.0,10 units,6-blade,1/0.017,100,32,29.30,0.8627
600,337,125,50,85mm,f/8.0,10 units,6-blade,1/0.017,100,32,29.58,0.8545
600,337,125,50,85mm,f/8.0,10 units,6-blade,1/0.017,100,32,18.29,1.3815
200,112,25,10,85mm,f/8.0,10 units,6-blade,1/0.017,100,32,0.21,2.6238
200,112,25,10,85mm,f/8.0,10 units,6-blade,1/0.017,100,32,0.12,4.8361
400,225,100,10,85mm,f/8.0,10 units,6-blade,1/0.017,100,32,47.84,0.1881
400,225,100,10,85mm,f/8.0,10 units,6-blade,1/0.017,100,32,17.73,0.5077
400,225,100,10,85mm,f/8.0,10 units,6-blade,1/0.017,100,32,18.15,0.4960
400,225,100,10,85mm,f/8.0,10 units,6-blade,1/0.017,100,32,18.33,0.4909
400,225,100,10,85mm,f/8.0,10 units,6-blade,1/0.017,100,32,18.07,0.4981
400,225,100,10,85mm,f/8.0,10 units,6-blade,1/0.017,100,32,18.10,0.4973
400,225,100,10,85mm,f/8.0,10 units,6-blade,1/0.017,100,32,18.26,0.4928
400,225,100,10,85mm,f/8.0,10 units,6-blade,1/0.017,100,32,18.06,0.4984
400,225,100,10,85mm,f/8.0,10 units,6-blade,1/0.017,100,32,18.15,0.4959
600,337,125,10,85mm,f/8.0,10 units,6-blade,1/0.017,100,32,47.66,0.5303
600,337,125,10,85mm,f/8.0,10 units,6-blade,1/0.017,100,32,46.53,0.5431
600,337,125,10,85mm,f/8.0,10 units,6-blade,1/0.017,100,32,47.40,0.5333
600,337,125,10,85mm,f/8.0,10 units,6-blade,1/0.017,100,32,46.78,0.5403
1200,675,500,50,85mm,f/8.0,10 units,6-blade,1/0.017,100,32,736.56,0.5499
600,337,125,10,85mm,f/8.0,10 units,6-blade,1/0.017,100,32,48.89,0.5169
600,337,125,10,85mm,f/8.0,10 units,6-blade,1/0.017,100,32,55.40,0.4563
600,337,125,10,85mm,f/8.0,10 units,6-blade,1/0.017,100,32,18.40,1.3735
1200,675,500,50,85mm,f/8.0,10 units,6-blade,1/0.017,100,32,265.07,1.5279
600,337,125,10,85mm,f/8.0,10 units,6-blade,1/0.017,100,32,18.47,1.3681
600,337,125,10,85mm,f/8.0,10 units,6-blade,1/0.017,100,32,43.41,0.5822
600,337,125,10,85mm,f/8.0,10 units,6-blade,1/0.017,100,32,31.05,0.8139
1200,675,500,50,85mm,f/8.0,10 units,6-blade,1/0.017,100,32,147.62,2.7436
600,337,125,10,85mm,f/8.0,10 units,6-blade,1/0.017,100,32,10.27,2.4616
600,337,125,10,85mm,f/8.0,10 units,6-blade,1/0.017,100,32,10.28,2.4597
600,337,125,10,85mm,f/8.0,10 units,6-blade,1/0.017,100,32,9.07,2.7855
600,337,125,10,85mm,f/8.0,10 units,6-blade,1/0.017,100,32,8.87,2.8489
600,337,125,10,85mm,f/8.0,10 units,6-blade,1/0.017,100,32,8.79,2.8770
600,337,125,10,85mm,f/8.0,10 units,6-blade,1/0.017,100,32,8.78,2.8777
600,337,125,10,85mm,f/8.0,10 units,6-blade,1/0.017,100,32,1.63,15.5433
600,337,125,10,85mm,f/8.0,10 units,6-blade,1/0.017,100,32,8.78,2.8780
600,337,125,10,85mm,f/8.0,10 units,6-blade,1/0.017,100,32,8.85,2.8549
600,337,125,10,85mm,f/8.0,10 units,6-blade,1/0.017,100,32,1.52,16.6146
600,337,125,10,85mm,f/8.0,10 units,6-blade,1/0.017,100,32,8.68,2.9111
600,337,125,10,85mm,f/8.0,10 units,6-blade,1/0.017,100,32,8.78,2.8796
600,337,125,10,85mm,f/8.0,10 units,6-blade,1/0.017,100,32,9.64,2.6210
600,337,125,10,85mm,f/8.0,10 units,6-blade,1/0.017,100,32,10.17,2.4841
600,337,125,10,85mm,f/8.0,10 units,6-blade,1/0.017,100,32,10.07,2.5088
600,337,125,10,85mm,f/8.0,10 units,6-blade,1/0.017,100,32,9.98,2.5329
600,337,125,10,85mm,f/8.0,10 units,6-blade,1/0.017,100,32,10.08,2.5074
400,225,125,10,85mm,f/20.0,10 units,6-blade,1/0.017,100,32,1.21,9.2680
600,337,125,10,85mm,f/20.0,10 units,6-blade,1/0.017,100,32,2.78,9.0806
600,337,125,10,85mm,f/20.0,10 units,6-blade,1/0.017,100,32,2.86,8.8525
600,337,125,10,85mm,f/20.0,10 units,6-blade,1/0.017,100,32,3.04,8.3068
600,337,125,10,85mm,f/20.0,10 units,6-blade,1/0.017,100,32,3.17,7.9780
600,337,500,500,85mm,f/20.0,10 units,6-blade,1/0.017,100,32,9.75,10.3653
600,337,500,500,85mm,f/20.0,10 units,6-blade,1/0.017,100,32,9.55,10.5811
600,337,500,500,85mm,f/20.0,10 units,6-blade,1/0.017,100,32,9.52,10.6199
600,337,500,500,85mm,f/20.0,10 units,6-blade,1/0.017,100,32,8.87,11.3985
600,337,500,500,85mm,f/20.0,10 units,6-blade,1/0.017,100,32,9.65,10.4760
600,337,125,10,85mm,f/20.0,10 units,6-blade,1/0.017,100,32,3.06,8.2668
600,337,125,10,85mm,f/20.0,10 units,6-blade,1/0.017,100,32,2.95,8.5793
600,337,125,10,85mm,f/8.0,10 units,6-blade,1/0.017,100,32,10.10,2.5032
600,337,125,10,85mm,f/8.0,10 units,6-blade,1/0.017,100,32,9.90,2.5518
600,337,125,10,85mm,f/20.0,10 units,6-blade,1/0.017,100,32,1.40,18.1175
600,337,125,10,85mm,f/20.0,10 units,6-blade,1/0.017,100,32,1.39,18.2164
600,337,125,10,85mm,f/20.0,10 units,6-blade,1/0.017,100,32,1.37,18.4196
600,337,125,10,85mm,f/20.0,10 units,6-blade,1/0.017,100,32,1.38,18.2556
600,337,125,10,85mm,f/20.0,10 units,6-blade,1/0.017,100,32,1.49,16.9416
600,337,125,10,85mm,f/20.0,10 units,6-blade,1/0.017,100,32,1.48,17.0308
600,337,125,10,85mm,f/20.0,10 units,6-blade,1/0.017,100,32,1.47,17.1532
600,337,125,10,85mm,f/20.0,10 units,6-blade,1/0.017,100,32,1.49,16.9414
600,337,125,10,85mm,f/20.0,10 units,6-blade,1/0.017,100,32,1.49,16.9715
600,337,125,10,85mm,f/20.0,10 units,6-blade,1/0.017,100,32,1.59,15.8536
600,337,125,10,85mm,f/20.0,10 units,6-blade,1/0.017,100,32,1.49,16.9151
600,337,125,10,85mm,f/20.0,10 units,6-blade,1/0.017,100,32,1.49,16.9520
600,337,125,10,85mm,f/20.0,10 units,6-blade,1/0.017,100,32,1.49,16.9856
600,337,125,10,85mm,f/20.0,10 units,6-blade,1/0.017,100,32,1.77,14.2565
600,337,125,10,85mm,f/20.0,10 units,6-blade,1/0.017,100,32,1.76,14.3616
600,337,125,10,85mm,f/20.0,10 units,6-blade,1/0.017,100,32,1.76,14.3273
600,337,125,10,85mm,f/20.0,10 units,6-blade,1/0.017,100,32,1.75,14.4087
600,337,125,10,85mm,f/20.0,10 units,6-blade,1/0.017,100,32,1.78,14.2326
600,337,125,10,85mm,f/20.0,10 units,6-blade,1/0.017,100,32,1.76,14.3686
600,337,125,10,85mm,f/20.0,10 units,6-blade,1/0.017,100,32,1.74,14.5591
600,337,125,10,85mm,f/20.0,10 units,6-blade,1/0.017,100,32,1.76,14.3993
600,337,125,10,85mm,f/20.0,10 units,6-blade,1/0.017,100,32,1.75,14.4048
600,337,125,10,85mm,f/20.0,10 units,6-blade,1/0.017,100,32,1.74,14.4919
600,337,125,10,85mm,f/20.0,10 units,6-blade,1/0.017,100,32,1.77,14.2791
600,337,125,10,85mm,f/20.0,10 units,6-blade,1/0.017,100,32,1.58,16.0190
600,337,125,10,85mm,f/20.0,10 units,6-blade,1/0.017,100,32,1.49,16.9716
600,337,125,10,85mm,f/8.0,10 units,6-blade,1/0.017,100,32,1.39,18.2350
600,337,125,10,85mm,f/20.0,10 units,6-blade,1/0.017,100,32,1.49,16.9707
600,337,125,10,85mm,f/8.0,10 units,6-blade,1/0.017,100,32,1.47,17.2332
600,337,125,10,85mm,f/8.0,10 units,6-blade,1/0.017,100,32,10.11,2.5009
600,337,125,10,85mm,f/8.0,10 units,6-blade,1/0.017,100,32,1.62,15.5832
600,337,125,10,85mm,f/20.0,10 units,6-blade,1/0.017,100,32,2.51,10.0682
600,337,125,10,85mm,f/20.0,10 units,6-blade,1/0.017,100,32,2.47,10.2238
600,337,125,10,85mm,f/20.0,10 units,6-blade,1/0.017,100,32,2.53,9.9916
600,337,125,10,100mm,f/20.0,10 units,6-blade,1/0.017,100,32,2.49,10.1660
600,337,125,10,120mm,f/20.0,10 units,6-blade,1/0.017,100,32,2.69,9.3793
600,337,125,10,85mm,f/20.0,10 units,6-blade,1/0.017,100,32,2.38,10.6339
600,337,125,10,120mm,f/20.0,10 units,6-blade,1/0.017,100,32,2.66,9.4855
600,337,125,10,120mm,f/20.0,10 units,6-blade,1/0.017,100,32,2.70,9.3549
600,337,125,10,120mm,f/20.0,10 units,6-blade,1/0.017,100,32,2.55,9.8936
600,337,125,10,120mm,f/20.0,10 units,6-blade,1/0.017,100,32,2.58,9.7859
600,337,125,10,120mm,f/20.0,10 units,6-blade,1/0.017,100,32,2.88,8.7892
600,337,125,10,120mm,f/20.0,10 units,6-blade,1/0.017,100,32,2.97,8.5116
600,337,125,10,120mm,f/20.0,10 units,6-blade,1/0.017,100,32,2.97,8.5170
600,337,125,10,120mm,f/20.0,10 units,6-blade,1/0.017,100,32,3.09,8.1813
600,337,125,10,120mm,f/20.0,10 units,6-blade,1/0.017,100,32,3.09,8.1859
600,337,125,10,120mm,f/20.0,10 units,6-blade,1/0.017,100,32,2.97,8.5006
600,337,125,10,120mm,f/20.0,10 units,6-blade,1/0.017,100,32,2.99,8.4487
600,337,125,10,120mm,f/20.0,10 units,6-blade,1/0.017,100,32,2.99,8.4481
600,337,125,10,120mm,f/20.0,10 units,6-blade,1/0.017,100,32,2.89,8.7499
600,337,125,10,120mm,f/20.0,10 units,6-blade,1/0.017,100,32,2.97,8.4996
600,337,125,10,120mm,f/20.0,10 units,6-blade,1/0.017,100,32,2.88,8.7899
600,337,125,10,120mm,f/20.0,10 units,6-blade,1/0.017,100,32,6.20,4.0763
600,337,125,10,120mm,f/20.0,10 units,6-blade,1/0.017,100,32,6.29,4.0181
600,337,125,10,120mm,f/20.0,10 units,6-blade,1/0.017,100,32,6.31,4.0072
600,337,125,10,120mm,f/20.0,10 units,6-blade,1/0.017,100,32,6.28,4.0238
600,337,125,10,120mm,f/20.0,10 units,6-blade,1/0.017,100,32,6.44,3.9227
600,337,125,10,120mm,f/20.0,10 units,6-blade,1/0.017,100,32,6.58,3.8417
600,337,125,10,120mm,f/20.0,10 units,6-blade,1/0.017,100,32,6.47,3.9072
600,337,125,10,120mm,f/20.0,10 units,6-blade,1/0.017,100,32,6.59,3.8351
600,337,125,10,120mm,f/20.0,10 units,6-blade,1/0.017,100,32,6.48,3.9014
1200,675,200,10,120mm,f/20.0,10 units,6-blade,1/0.017,100,32,38.90,4.1645
1200,675,200,10,120mm,f/20.0,10 units,6-blade,1/0.017,100,32,38.26,4.2337
600,337,125,10,120mm,f/20.0,10 units,6-blade,1/0.017,100,32,6.58,3.8425
600,600,125,50,120mm,f/20.0,10 units,6-blade,1/0.017,100,32,6.71,6.7090
600,600,125,50,80mm,f/20.0,10 units,6-blade,1/0.017,100,32,6.68,6.7398
600,600,125,50,30mm,f/20.0,10 units,6-blade,1/0.017,100,32,5.30,8.4882
600,600,125,50,10mm,f/20.0,10 units,6-blade,1/0.017,100,32,3.09,14.5738
600,600,125,50,25mm,f/20.0,10 units,6-blade,1/0.017,100,32,5.19,8.6765
600,600,125,50,20mm,f/20.0,10 units,6-blade,1/0.017,100,32,4.41,10.2016
600,600,125,50,20mm,f/20.0,10 units,6-blade,1/0.017,100,32,4.33,10.4042
600,600,125,50,20mm,f/20.0,10 units,6-blade,1/0.017,100,32,4.36,10.3120
600,600,125,50,20mm,f/20.0,10 units,6-blade,1/0.017,100,32,3.89,11.5805
600,600,125,50,20mm,f/20.0,10 units,6-blade,1/0.017,100,32,4.33,10.3966
600,600,125,50,20mm,f/20.0,10 units,6-blade,1/0.017,100,32,3.91,11.5065
600,600,125,50,20mm,f/20.0,10 units,6-blade,1/0.017,100,32,3.93,11.4586
600,600,125,50,20mm,f/20.0,10 units,6-blade,1/0.017,100,32,3.94,11.4302
600,600,125,50,20mm,f/20.0,10 units,6-blade,1/0.017,100,32,2.61,17.2455
600,600,125,50,20mm,f/20.0,10 units,6-blade,1/0.017,100,32,3.93,11.4362
600,600,125,50,20mm,f/20.0,10 units,6-blade,1/0.017,100,32,3.91,11.4949
600,600,125,50,20mm,f/20.0,10 units,6-blade,1/0.017,100,32,3.72,12.1102
600,600,125,50,20mm,f/20.0,10 units,6-blade,1/0.017,100,32,3.92,11.4732
600,600,125,50,20mm,f/20.0,10 units,6-blade,1/0.017,100,32,3.91,11.5001
600,600,125,50,20mm,f/20.0,10 units,6-blade,1/0.017,100,32,3.96,11.3571
600,600,125,50,20mm,f/20.0,10 units,6-blade,1/0.017,100,32,3.91,11.4969
600,600,125,50,20mm,f/20.0,10 units,6-blade,1/0.017,100,32,4.42,10.1741
600,600,125,50,20mm,f/20.0,10 units,6-blade,1/0.017,100,32,2.50,18.0332
600,600,125,50,20mm,f/20.0,10 units,6-blade,1/0.017,100,32,4.43,10.1667
600,600,125,50,20mm,f/20.0,10 units,6-blade,1/0.017,100,32,4.54,9.9025
600,600,500,50,20mm,f/20.0,10 units,6-blade,1/0.017,100,32,12.12,14.8538
600,600,500,50,20mm,f/20.0,10 units,6-blade,1/0.017,100,32,12.23,14.7180
600,600,125,50,20mm,f/20.0,10 units,6-blade,1/0.017,100,32,4.60,9.7739
600,600,125,50,20mm,f/20.0,10 units,6-blade,1/0.017,100,32,4.35,10.3441
600,600,125,50,20mm,f/20.0,10 units,6-blade,1/0.017,100,32,4.42,10.1713
600,600,125,50,20mm,f/20.0,10 units,6-blade,1/0.017,100,32,4.62,9.7435
600,337,125,50,120mm,f/20.0,10 units,6-blade,1/0.017,100,32,7.07,3.5766
600,337,125,50,120mm,f/20.0,10 units,6-blade,1/0.017,100,32,7.06,3.5819
600,337,125,50,120mm,f/20.0,10 units,6-blade,1/0.017,100,32,7.17,3.5233
600,337,125,50,120mm,f/20.0,10 units,6-blade,1/0.017,100,32,1.84,13.7027
600,337,125,50,120mm,f/20.0,10 units,6-blade,1/0.017,100,32,1.86,13.6111
600,337,125,50,120mm,f/20.0,10 units,6-blade,1/0.017,100,32,7.16,3.5282
600,337,125,50,120mm,f/20.0,10 units,6-blade,1/0.017,100,32,7.19,3.5134
600,337,125,50,120mm,f/20.0,10 units,6-blade,1/0.017,100,32,7.09,3.5638
600,337,125,50,120mm,f/20.0,10 units,6-blade,1/0.017,100,32,4.16,6.0709
600,337,125,50,120mm,f/20.0,10 units,6-blade,1/0.017,100,32,4.19,6.0392
600,337,125,50,120mm,f/20.0,10 units,6-blade,1/0.017,100,32,4.06,6.2197
600,337,125,50,120mm,f/20.0,10 units,6-blade,1/0.017,100,32,4.14,6.1013
600,337,125,50,120mm,f/20.0,26 units,6-blade,1/0.017,100,32,4.18,6.0494
600,337,125,50,120mm,f/20.0,26 units,6-blade,1/0.017,100,32,4.07,6.2117
600,337,500,50,120mm,f/20.0,26 units,6-blade,1/0.017,100,32,13.37,7.5606
600,337,1000,50,120mm,f/20.0,26 units,6-blade,1/0.017,100,32,26.29,7.6922
600,337,1000,50,120mm,f/20.0,26 units,6-blade,1/0.017,100,32,25.83,7.8282
600,337,1000,50,120mm,f/20.0,26 units,6-blade,1/0.017,100,32,26.89,7.5202
600,337,125,50,120mm,f/20.0,26 units,6-blade,1/0.017,100,32,4.29,5.8909
600,337,125,50,120mm,f/20.0,26 units,6-blade,1/0.017,100,32,4.27,5.9249
600,337,125,50,120mm,f/20.0,26 units,6-blade,1/0.017,100,32,4.16,6.0820
600,337,125,50,120mm,f/20.0,26 units,6-blade,1/0.017,100,32,4.15,6.0917
600,337,125,50,120mm,f/20.0,26 units,6-blade,1/0.017,100,32,4.26,5.9342
600,337,125,50,120mm,f/20.0,26 units,6-blade,1/0.017,100,32,4.15,6.0916
600,337,125,50,120mm,f/20.0,26 units,6-blade,1/0.017,100,32,4.19,6.0355
600,337,125,50,120mm,f/20.0,26 units,6-blade,1/0.017,100,32,4.18,6.0482
600,337,125,50,120mm,f/1.8,26 units,6-blade,1/0.017,100,32,4.18,6.0525
600,337,125,50,120mm,f/1.8,26 units,6-blade,1/0.017,100,32,4.16,6.0703
600,337,125,50,120mm,f/1.8,26 units,4-blade,1/0.017,100,32,4.18,6.0444
600,337,125,50,120mm,f/1.8,26 units,3-blade,1/0.017,100,32,4.16,6.0792
600,337,125,50,120mm,f/20.0,26 units,6-blade,1/0.017,100,32,4.29,5.8919
600,337,125,50,120mm,f/20.0,26 units,6-blade,1/0.017,100,32,4.28,5.9047
600,337,125,50,120mm,f/20.0,26 units,6-blade,1/0.017,100,32,4.27,5.9244
600,337,1025,50,120mm,f/20.0,26 units,6-blade,1/0.017,100,32,26.58,7.7986
600,337,125,50,120mm,f/20.0,26 units,6-blade,1/0.017,100,32,3.98,6.3497
600,337,125,50,40mm,f/20.0,800 units,6-blade,1/0.017,100,32,3.78,6.6846
600,337,125,50,40mm,f/20.0,800 units,6-blade,1/0.017,100,32,3.59,7.0449
600,337,125,50,40mm,f/20.0,800 units,6-blade,1/0.017,100,32,3.81,6.6318
600,337,125,50,40mm,f/20.0,800 units,6-blade,1/0.017,100,32,3.78,6.6923
600,600,125,50,40mm,f/20.0,50 units,6-blade,1/0.017,100,32,9.53,4.7237
600,600,125,50,60mm,f/20.0,50 units,6-blade,1/0.017,100,32,15.02,2.9969
600,600,125,50,55mm,f/20.0,50 units,6-blade,1/0.017,100,32,14.57,3.0884
600,600,125,50,50mm,f/20.0,50 units,6-blade,1/0.017,100,32,13.35,3.3706
600,600,125,50,50mm,f/20.0,50 units,6-blade,1/0.017,100,32,12.75,3.5288
600,600,125,50,50mm,f/20.0,50 units,6-blade,1/0.017,100,32,12.71,3.5407
600,600,125,50,50mm,f/20.0,50 units,6-blade,1/0.017,100,32,13.32,3.3775
600,600,200,50,50mm,f/20.0,50 units,6-blade,1/0.017,100,32,20.47,3.5170
600,600,500,50,50mm,f/20.0,50 units,6-blade,1/0.017,100,32,48.09,3.7430
600,600,500,50,50mm,f/20.0,50 units,6-blade,1/0.017,100,32,47.89,3.7588
600,600,125,50,50mm,f/20.0,50 units,6-blade,1/0.017,100,32,21.63,2.0806
600,600,125,50,50mm,f/20.0,50 units,6-blade,1/0.017,100,32,21.64,2.0794
600,600,125,50,50mm,f/20.0,50 units,6-blade,1/0.017,100,32,21.69,2.0749
600,600,500,50,50mm,f/20.0,50 units,6-blade,1/0.017,100,32,81.18,2.2174
600,600,500,50,50mm,f/20.0,50 units,6-blade,1/0.017,100,32,82.14,2.1914
600,600,125,50,50mm,f/20.0,50 units,6-blade,1/0.017,100,32,13.85,3.2489
600,600,125,50,50mm,f/20.0,50 units,6-blade,1/0.017,100,32,13.85,3.2492
600,600,125,50,50mm,f/20.0,50 units,6-blade,1/0.017,100,32,13.73,3.2777
600,600,125,50,50mm,f/20.0,50 units,6-blade,1/0.017,100,32,13.74,3.2755
600,600,125,50,50mm,f/20.0,50 units,6-blade,1/0.017,100,32,13.65,3.2959
600,600,125,50,50mm,f/20.0,50 units,6-blade,1/0.017,100,32,19.39,2.3211
600,600,125,50,50mm,f/20.0,50 units,6-blade,1/0.017,100,32,19.34,2.3271
600,600,125,50,50mm,f/20.0,50 units,6-blade,1/0.017,100,32,19.43,2.3159
600,600,125,50,50mm,f/20.0,50 units,6-blade,1/0.017,100,32,19.47,2.3114
600,600,125,50,50mm,f/20.0,50 units,6-blade,1/0.017,100,32,19.40,2.3199
600,600,125,50,50mm,f/20.0,50 units,6-blade,1/0.017,100,32,19.49,2.3093
600,600,125,50,50mm,f/20.0,50 units,6-blade,1/0.017,100,32,19.48,2.3098
600,600,125,50,50mm,f/20.0,50 units,6-blade,1/0.017,100,32,19.49,2.3093
600,600,125,50,50mm,f/20.0,50 units,6-blade,1/0.017,100,32,19.57,2.2994
600,600,125,50,50mm,f/20.0,50 units,6-blade,1/0.017,100,32,20.97,2.1458
600,600,125,50,50mm,f/20.0,50 units,6-blade,1/0.017,100,32,19.67,2.2881
600,600,125,50,50mm,f/20.0,50 units,6-blade,1/0.017,100,32,15.39,2.9248
600,600,125,50,50mm,f/20.0,50 units,6-blade,1/0.017,100,32,15.49,2.9059
600,600,125,50,50mm,f/20.0,50 units,6-blade,1/0.017,100,32,15.23,2.9543
600,600,125,50,50mm,f/20.0,50 units,6-blade,1/0.017,100,32,15.34,2.9334
600,600,125,50,50mm,f/20.0,50 units,6-blade,1/0.017,100,32,20.62,2.1820
600,600,500,50,50mm,f/20.0,50 units,6-blade,1/0.017,100,32,79.00,2.2784
600,337,500,50,85mm,f/20.0,10 units,6-blade,1/0.017,100,32,10.19,9.9242
600,600,125,50,50mm,f/20.0,50 units,6-blade,1/0.017,100,32,23.08,1.9496
600,600,125,50,50mm,f/20.0,50 units,6-blade,1/0.017,100,32,23.24,1.9362
600,600,125,50,50mm,f/20.0,50 units,6-blade,1/0.017,100,32,28.44,1.5825
600,600,125,50,50mm,f/20.0,50 units,6-blade,1/0.017,100,32,28.46,1.5813
600,600,125,50,50mm,f/20.0,50 units,6-blade,1/0.017,100,32,28.64,1.5713
600,337,125,10,85mm,f/8.0,10 units,6-blade,1/0.017,100,32,1.71,14.7962
600,600,125,50,50mm,f/20.0,50 units,6-blade,1/0.017,100,32,39.43,1.1413
600,600,200,50,50mm,f/20.0,50 units,6-blade,1/0.017,100,32,61.76,1.1659
600,600,200,50,50mm,f/20.0,50 units,6-blade,1/0.017,100,32,50.49,1.4260
600,600,200,50,50mm,f/20.0,50 units,6-blade,1/0.017,100,32,50.43,1.4279
600,600,500,50,50mm,f/20.0,50 units,6-blade,1/0.017,100,32,124.12,1.4502
400,400,250,4,50mm,f/20.0,50 units,6-blade,1/0.017,100,32,13.69,2.9217
600,600,500,50,50mm,f/20.0,50 units,6-blade,1/0.017,100,32,123.48,1.4577
600,600,500,50,50mm,f/20.0,50 units,6-blade,1/0.017,100,32,123.10,1.4623
400,400,250,4,50mm,f/20.0,50 units,6-blade,1/0.017,100,32,15.58,2.5675
400,400,250,4,50mm,f/20.0,50 units,6-blade,1/0.017,100,32,15.35,2.6051
400,400,250,4,50mm,f/20.0,50 units,6-blade,1/0.017,100,32,16.30,2.4537
400,400,250,4,50mm,f/20.0,50 units,6-blade,1/0.017,100,32,12.46,3.2100
400,400,250,4,50mm,f/20.0,50 units,6-blade,1/0.017,100,32,12.57,3.1818
400,400,250,4,50mm,f/20.0,50 units,6-blade,1/0.017,100,32,14.70,2.7219
400,400,250,4,50mm,f/20.0,50 units,6-blade,1/0.017,100,32,14.66,2.7286
400,400,250,4,50mm,f/20.0,50 units,6-blade,1/0.017,100,32,14.88,2.6889
400,400,250,4,50mm,f/20.0,50 units,6-blade,1/0.017,100,32,16.83,2.3769
400,400,250,4,50mm,f/20.0,50 units,6-blade,1/0.017,100,32,18.27,2.1898
800,800,10000,40,50mm,f/20.0,50 units,6-blade,1/0.017,100,32,1724.20,3.7119
400,400,250,4,50mm,f/20.0,50 units,6-blade,1/0.017,100,32,17.67,2.2642
400,400,250,4,50mm,f/20.0,50 units,6-blade,1/0.017,100,32,18.06,2.2146
400,400,250,4,50mm,f/20.0,50 units,6-blade,1/0.017,100,32,17.85,2.2411
600,337,125,20,85mm,f/20.0,10 units,6-blade,1/0.017,100,32,3.30,7.6607
600,337,125,20,85mm,f/8.0,10 units,6-blade,1/0.017,100,32,10.37,2.4372
600,337,125,20,85mm,f/8.0,10 units,6-blade,1/0.017,100,32,10.18,2.4837
600,600,125,20,50mm,f/20.0,50 units,6-blade,1/0.017,100,32,23.53,1.9126
400,400,250,4,50mm,f/20.0,50 units,6-blade,1/0.017,100,32,17.49,2.2870
600,337,125,20,85mm,f/20.0,10 units,6-blade,1/0.017,100,32,1.18,21.4919
600,337,125,20,85mm,f/20.0,10 units,6-blade,1/0.017,100,32,1.39,18.1743
400,225,10,50,85mm,f/20.0,10 units,Circle (∅4.2mm),1/0.017,100,32,0.58,1.5434
400,225,10,50,85mm,f/20.0,10 units,Circle (∅4.2mm),1/0.017,100,32,0.58,1.5394
400,225,10,50,85mm,f/20.0,10 units,Circle (∅4.2mm),1/0.017,100,32,0.57,1.5859
600,337,125,20,85mm,f/20.0,10 units,Circle (∅4.2mm),1/0.017,100,32,3.17,7.9849
600,337,125,20,85mm,f/8.0,10 units,Circle (∅10.6mm),1/0.017,100,32,6.49,3.8961
600,337,125,20,85mm,f/8.0,10 units,Circle (∅10.6mm),1/0.017,100,32,9.36,2.7016
600,337,125,20,85mm,f/20.0,10 units,Circle (∅4.2mm),1/0.017,100,32,3.16,7.9905
600,337,125,20,85mm,f/20.0,10 units,Circle (∅4.2mm),1/0.017,100,32,1.76,14.3614
600,337,125,20,85mm,f/20.0,10 units,Circle (∅4.2mm),1/0.017,100,32,1.74,14.5075
600,337,125,20,85mm,f/20.0,10 units,Circle (∅4.2mm),1/0.017,100,32,1.81,14.0011
600,337,125,20,120mm,f/20.0,10 units,Circle (∅6.0mm),1/0.017,100,32,6.64,3.8056
600,600,125,20,20mm,f/20.0,10 units,Circle (∅1.0mm),1/0.017,100,32,4.37,10.3082
600,337,125,20,120mm,f/20.0,26 units,Circle (∅6.0mm),1/0.017,100,32,4.15,6.0965
600,600,125,20,50mm,f/20.0,50 units,Circle (∅2.5mm),1/0.017,100,32,23.59,1.9077
600,600,125,20,50mm,f/20.0,50 units,Circle (∅2.5mm),1/0.017,100,32,30.91,1.4558
600,600,125,20,50mm,f/20.0,50 units,Circle (∅2.5mm),1/0.017,100,32,34.83,1.2921
600,600,125,20,50mm,f/20.0,50 units,Circle (∅2.5mm),1/0.017,100,32,34.75,1.2951
400,400,250,4,50mm,f/20.0,50 units,Circle (∅2.5mm),1/0.017,100,32,18.08,2.2124
600,337,125,20,85mm,f/8.0,10 units,Circle (∅10.6mm),1/0.017,100,32,10.46,2.4157
600,337,125,20,85mm,f/8.0,10 units,Circle (∅10.6mm),1/0.017,100,32,9.27,2.7276
600,337,125,20,85mm,f/20.0,10 units,Circle (∅4.2mm),1/0.017,100,32,3.07,8.2399
600,337,125,20,85mm,f/20.0,10 units,Circle (∅4.2mm),1/0.017,100,32,1.69,14.9441
600,337,125,20,120mm,f/20.0,10 units,Circle (∅6.0mm),1/0.017,100,32,6.56,3.8517
600,600,125,20,20mm,f/20.0,10 units,Circle (∅1.0mm),1/0.017,100,32,4.33,10.4018
600,337,125,20,120mm,f/20.0,26 units,Circle (∅6.0mm),1/0.017,100,32,4.05,6.2352
600,600,125,20,50mm,f/20.0,50 units,Circle (∅2.5mm),1/0.017,100,32,23.33,1.9285
600,600,125,20,50mm,f/20.0,50 units,Circle (∅2.5mm),1/0.017,100,32,30.64,1.4687
600,600,125,20,50mm,f/20.0,50 units,Circle (∅2.5mm),1/0.017,100,32,23.48,1.9167
600,600,125,20,50mm,f/20.0,50 units,Circle (∅2.5mm),1/0.017,100,32,22.64,1.9880
600,337,125,20,85mm,f/20.0,10 units,Circle (∅4.2mm),1/0.017,100,32,2.92,8.6568
600,337,125,20,85mm,f/20.0,10 units,Circle (∅4.2mm),1/0.017,100,32,1.50,16.8899
600,337,125,20,85mm,f/20.0,10 units,Circle (∅4.2mm),1/0.017,100,32,1.48,17.0346
600,337,125,20,85mm,f/20.0,10 units,Circle (∅4.2mm),1/0.017,100,32,1.44,17.4985
600,337,125,20,85mm,f/20.0,10 units,Circle (∅4.2mm),1/0.017,100,32,1.44,17.5050
600,337,125,20,85mm,f/20.0,10 units,Circle (∅4.2mm),1/0.017,100,32,1.47,17.2467
600,337,125,20,85mm,f/20.0,10 units,Circle (∅4.2mm),1/0.017,100,1,15.10,1.6736
600,337,125,20,85mm,f/20.0,10 units,Circle (∅4.2mm),1/0.017,100,1,13.97,1.8088
600,337,125,20,85mm,f/20.0,10 units,Circle (∅4.2mm),1/0.017,100,1,14.15,1.7858
600,337,125,20,85mm,f/20.0,10 units,Circle (∅4.2mm),1/0.017,100,1,14.15,1.7868
600,337,125,20,85mm,f/20.0,10 units,Circle (∅4.2mm),1/0.017,100,1,15.78,1.6022
600,337,125,20,85mm,f/20.0,10 units,Circle (∅4.2mm),1/0.017,100,1,14.86,1.7005
600,337,125,20,85mm,f/20.0,10 units,Circle (∅4.2mm),1/0.017,100,1,14.94,1.6913
600,337,125,20,85mm,f/20.0,10 units,Circle (∅4.2mm),1/0.017,100,1,14.15,1.7861
600,337,125,20,85mm,f/20.0,10 units,Circle (∅4.2mm),1/0.017,100,1,14.14,1.7875
600,337,125,20,85mm,f/20.0,10 units,Circle (∅4.2mm),1/0.017,100,1,14.36,1.7600
600,337,125,20,85mm,f/20.0,10 units,Circle (∅4.2mm),1/0.017,100,1,13.66,1.8500
600,337,125,20,85mm,f/20.0,10 units,Circle (∅4.2mm),1/0.017,100,1,14.10,1.7925
600,337,125,20,85mm,f/8.0,10 units,Circle (∅10.6mm),1/0.017,100,1,162.93,0.1551
600,337,125,20,85mm,f/8.0,10 units,Circle (∅10.6mm),1/0.017,100,32,9.16,2.7605
0,1,0,0,0mm,f/0.0,0 units,Aperture Successfully avoided,1/0.000,0,32,0.00,0.0000
0,1,0,0,0mm,f/0.0,0 units,Aperture Successfully avoided,1/0.000,0,32,0.00,0.0000
400,400,250,4,50mm,f/20.0,50 units,Circle (∅2.5mm),1/0.017,100,32,17.85,2.2414
0,1,0,0,0mm,f/0.0,0 units,Aperture Successfully avoided,1/0.000,0,32,0.00,0.0000
0,1,0,0,0mm,f/0.0,0 units,Aperture Successfully avoided,1/0.000,0,32,0.00,0.0000
0,1,0,0,0mm,f/0.0,0 units,Aperture Successfully avoided,1/0.000,0,32,0.00,0.0000
0,1,0,0,0mm,f/0.0,0 units,Aperture Successfully avoided,1/0.000,0,32,0.00,0.0000
0,1,0,0,0mm,f/0.0,0 units,Aperture Successfully avoided,1/0.000,0,32,0.00,0.0000
400,400,250,4,50mm,f/20.0,50 units,Circle (∅2.5mm),1/0.017,100,32,17.57,2.2764
400,400,250,4,50mm,f/20.0,50 units,Circle (∅2.5mm),1/0.017,100,32,17.48,2.2883
600,337,125,50,85mm,f/8.0,10 units,Circle (∅10.6mm),1/0.017,100,32,9.34,2.7047
600,337,125,50,85mm,f/8.0,10 units,Circle (∅10.6mm),1/0.017,100,32,9.34,2.7051
600,337,125,50,85mm,f/8.0,10 units,Circle (∅10.6mm),1/0.017,100,32,9.38,2.6952
600,337,125,50,85mm,f/8.0,10 units,Circle (∅10.6mm),1/0.017,100,32,9.28,2.7246
600,337,125,50,85mm,f/8.0,10 units,Circle (∅10.6mm),1/0.017,100,32,8.86,2.8528
600,337,125,50,120mm,f/20.0,10 units,Circle (∅6.0mm),1/0.017,100,32,6.56,3.8545
600,337,125,50,85mm,f/20.0,10 units,Circle (∅4.2mm),1/0.017,100,32,3.16,8.0036
600,337,125,50,85mm,f/20.0,10 units,Circle (∅4.2mm),1/0.017,100,32,1.65,15.2809
600,337,125,50,120mm,f/20.0,10 units,Circle (∅6.0mm),1/0.017,100,32,6.55,3.8581
600,600,125,50,20mm,f/20.0,10 units,Circle (∅1.0mm),1/0.017,100,32,3.89,11.5633
600,337,125,50,120mm,f/20.0,26 units,Circle (∅6.0mm),1/0.017,100,32,3.98,6.3512
600,600,125,50,50mm,f/20.0,50 units,Circle (∅2.5mm),1/0.017,100,32,27.68,1.6255
600,600,125,50,50mm,f/20.0,50 units,Circle (∅2.5mm),1/0.017,100,32,31.61,1.4238
400,400,250,4,50mm,f/20.0,50 units,Circle (∅2.5mm),1/0.017,100,32,17.54,2.2811
400,400,250,4,50mm,f/20.0,50 units,Circle (∅2.5mm),1/0.017,100,32,17.18,2.3281
600,600,64,50,50mm,f/20.0,50 units,Circle (∅2.5mm),1/0.017,100,32,16.24,1.4187
600,600,64,50,50mm,f/20.0,50 units,Circle (∅2.5mm),1/0.017,100,32,17.00,1.3553
600,600,64,50,50mm,f/20.0,50 units,Circle (∅2.5mm),1/0.017,100,32,15.31,1.5045
600,600,64,50,50mm,f/20.0,50 units,Circle (∅2.5mm),1/0.017,100,32,15.26,1.5103
600,600,64,50,50mm,f/20.0,50 units,Circle (∅2.5mm),1/0.017,100,32,15.47,1.4895
600,600,64,50,50mm,f/20.0,50 units,Circle (∅2.5mm),1/0.017,100,32,15.62,1.4749
600,600,64,50,50mm,f/20.0,50 units,Circle (∅2.5mm),1/0.017,100,32,15.43,1.4927
600,600,125,50,20mm,f/20.0,10 units,Circle (∅1.0mm),1/0.017,100,32,3.74,12.0297
600,600,125,50,50mm,f/20.0,50 units,Circle (∅2.5mm),1/0.017,100,32,26.99,1.6676
600,600,1000,50,50mm,f/20.0,50 units,Circle (∅2.5mm),1/0.017,100,32,205.55,1.7514
600,600,1000,50,50mm,f/20.0,50 units,Circle (∅2.5mm),1/0.017,100,32,206.87,1.7402
600,600,1000,50,50mm,f/20.0,50 units,Circle (∅2.5mm),1/0.017,100,32,204.81,1.7577
600,600,1000,50,50mm,f/20.0,50 units,Circle (∅2.5mm),1/0.017,100,32,208.59,1.7259
600,600,10,50,50mm,f/20.0,50 units,Circle (∅2.5mm),1/0.017,100,32,3.69,0.9758
600,600,10,50,50mm,f/20.0,50 units,Circle (∅2.5mm),1/0.017,100,32,3.63,0.9926
600,600,10,50,50mm,f/20.0,50 units,Circle (∅2.5mm),1/0.017,100,32,3.68,0.9786
600,600,10,50,50mm,f/20.0,50 units,Circle (∅2.5mm),1/0.017,100,32,3.66,0.9828
600,600,10,50,50mm,f/20.0,50 units,Circle (∅2.5mm),1/0.017,100,32,3.58,1.0068
600,600,10,50,50mm,f/20.0,50 units,Circle (∅2.5mm),1/0.017,100,32,3.66,0.9828
600,600,10,50,50mm,f/20.0,50 units,Circle (∅2.5mm),1/0.017,100,32,3.82,0.9425
600,600,1000,50,50mm,f/20.0,50 units,Circle (∅2.5mm),1/0.017,100,32,207.43,1.7355
600,600,1000,50,50mm,f/20.0,50 units,Circle (∅2.5mm),1/0.017,100,32,207.28,1.7368
600,600,1000,50,50mm,f/20.0,50 units,Circle (∅2.5mm),1/0.017,100,32,212.98,1.6903
600,600,10,50,50mm,f/20.0,50 units,Circle (∅2.5mm),1/0.017,100,32,3.52,1.0233
600,600,20,50,50mm,f/20.0,50 units,Circle (∅2.5mm),1/0.017,100,32,4.95,1.4547
600,600,30,50,50mm,f/20.0,50 units,Circle (∅2.5mm),1/0.017,100,32,6.69,1.6132
600,600,30,50,50mm,f/20.0,50 units,Circle (∅2.5mm),1/0.017,100,32,6.47,1.6692
600,600,30,50,50mm,f/20.0,50 units,Circle (∅2.5mm),1/0.017,100,32,6.87,1.5724
600,600,30,50,50mm,f/20.0,50 units,Circle (∅2.5mm),1/0.017,100,32,6.89,1.5676
600,600,30,50,50mm,f/20.0,50 units,Circle (∅2.5mm),1/0.017,100,32,6.91,1.5636
600,600,30,50,50mm,f/20.0,50 units,Circle (∅2.5mm),1/0.017,100,32,6.85,1.5774
600,600,30,50,50mm,f/20.0,50 units,Circle (∅2.5mm),1/0.017,100,32,7.01,1.5413
600,600,30,50,50mm,f/20.0,50 units,Circle (∅2.5mm),1/0.017,100,32,6.98,1.5477
600,600,30,50,50mm,f/20.0,50 units,Circle (∅2.5mm),1/0.017,100,32,6.47,1.6691
600,600,30,50,50mm,f/20.0,50 units,Circle (∅2.5mm),1/0.017,100,32,6.46,1.6719
600,600,30,50,50mm,f/20.0,50 units,Circle (∅2.5mm),1/0.017,100,32,6.66,1.6218
600,600,30,50,50mm,f/20.0,50 units,Circle (∅2.5mm),1/0.017,100,32,7.09,1.5237
600,600,30,50,50mm,f/20.0,50 units,Circle (∅2.5mm),1/0.017,100,32,7.10,1.5202
600,600,10,50,50mm,f/20.0,50 units,Circle (∅2.5mm),1/0.017,100,32,3.47,1.0389
600,600,100,50,50mm,f/20.0,50 units,Circle (∅2.5mm),1/0.017,100,32,24.39,1.4757
600,600,300,50,50mm,f/20.0,50 units,Circle (∅2.5mm),1/0.017,100,32,75.82,1.4245
600,600,1000,50,50mm,f/20.0,50 units,Circle (∅2.5mm),1/0.017,100,32,209.86,1.7155
600,600,10,50,50mm,f/20.0,50 units,Circle (∅2.5mm),1/0.017,100,32,2.26,1.5950
600,600,10,50,50mm,f/20.0,50 units,Circle (∅2.5mm),1/0.017,100,32,2.16,1.6629
600,600,10,50,50mm,f/20.0,50 units,Circle (∅2.5mm),1/0.017,100,32,2.28,1.5815
600,600,10,50,50mm,f/20.0,50 units,Circle (∅2.5mm),1/0.017,100,32,2.27,1.5833
600,600,10,50,50mm,f/20.0,50 units,Circle (∅2.5mm),1/0.017,100,32,2.13,1.6891
600,600,10,50,50mm,f/20.0,50 units,Circle (∅2.5mm),1/0.017,100,32,2.31,1.5576
600,600,10,50,50mm,f/20.0,50 units,Circle (∅2.5mm),1/0.017,100,32,3.55,1.0132
600,600,10,50,50mm,f/20.0,50 units,Circle (∅2.5mm),1/0.017,100,32,3.53,1.0211
600,600,10,50,50mm,f/20.0,50 units,Circle (∅2.5mm),1/0.017,100,32,3.55,1.0143
600,600,10,50,50mm,f/20.0,50 units,Circle (∅2.5mm),1/0.017,100,32,2.32,1.5496
600,600,10,50,50mm,f/20.0,50 units,Circle (∅2.5mm),1/0.017,100,32,1.94,1.8510
600,600,10,50,50mm,f/20.0,50 units,Circle (∅2.5mm),1/0.017,100,32,1.87,1.9300
600,600,10,50,50mm,f/20.0,50 units,Circle (∅2.5mm),1/0.017,100,32,1.97,1.8291
600,600,10,50,50mm,f/20.0,50 units,Circle (∅2.5mm),1/0.017,100,32,1.97,1.8317
600,600,10,50,50mm,f/20.0,50 units,Circle (∅2.5mm),1/0.017,100,32,1.96,1.8409
600,600,10,50,50mm,f/20.0,50 units,Circle (∅2.5mm),1/0.017,100,32,1.98,1.8218
600,600,10,50,50mm,f/20.0,50 units,Circle (∅2.5mm),1/0.017,100,32,1.96,1.8371
600,600,10,50,50mm,f/20.0,50 units,Circle (∅2.5mm),1/0.017,100,32,1.85,1.9484
600,600,10,50,50mm,f/20.0,50 units,Circle (∅2.5mm),1/0.017,100,32,1.88,1.9169
600,600,10,50,50mm,f/20.0,50 units,Circle (∅2.5mm),1/0.017,100,32,1.96,1.8365
600,600,10,50,50mm,f/20.0,50 units,Circle (∅2.5mm),1/0.017,100,32,1.95,1.8418
600,600,10,50,50mm,f/20.0,50 units,Circle (∅2.5mm),1/0.017,100,32,1.78,2.0243
600,600,10,50,50mm,f/20.0,50 units,Circle (∅2.5mm),1/0.017,100,32,1.74,2.0650
600,600,10,50,50mm,f/20.0,50 units,Circle (∅2.5mm),1/0.017,100,32,1.76,2.0406
600,600,10,50,50mm,f/20.0,50 units,Circle (∅2.5mm),1/0.017,100,32,2.09,1.7202
600,600,10,50,50mm,f/20.0,50 units,Circle (∅2.5mm),1/0.017,100,32,2.38,1.5116
600,600,100,50,50mm,f/20.0,50 units,Circle (∅2.5mm),1/0.017,100,32,12.13,2.9683
600,600,100,50,50mm,f/20.0,50 units,Circle (∅2.5mm),1/0.017,100,32,24.41,1.4747
600,600,100,50,50mm,f/20.0,50 units,Circle (∅2.5mm),1/0.017,100,32,24.37,1.4771
600,600,100,50,50mm,f/20.0,50 units,Circle (∅2.5mm),1/0.017,100,32,24.49,1.4699
600,600,100,50,50mm,f/20.0,50 units,Circle (∅2.5mm),1/0.017,100,32,24.42,1.4739
600,600,10,50,50mm,f/20.0,50 units,Circle (∅2.5mm),1/0.017,100,32,3.51,1.0248
600,600,1000,50,50mm,f/20.0,50 units,Circle (∅2.5mm),1/0.017,100,32,223.59,1.6101
600,600,10,50,50mm,f/20.0,50 units,Circle (∅2.5mm),1/0.017,100,32,3.48,1.0333
600,600,100,50,50mm,f/20.0,50 units,Circle (∅2.5mm),1/0.017,100,32,24.42,1.4744
600,600,100,50,50mm,f/20.0,50 units,Circle (∅2.5mm),1/0.017,100,32,24.30,1.4818
600,600,100,50,50mm,f/20.0,50 units,Circle (∅2.5mm),1/0.017,100,32,23.59,1.5259
600,600,100,50,50mm,f/20.0,50 units,Circle (∅2.5mm),1/0.017,100,32,24.34,1.4788
600,600,100,50,50mm,f/20.0,50 units,Circle (∅2.5mm),1/0.017,100,32,24.69,1.4581
600,600,1000,50,50mm,f/20.0,50 units,Circle (∅2.5mm),1/0.017,100,32,223.59,1.6101
600,600,10,50,50mm,f/20.0,50 units,Circle (∅2.5mm),1/0.017,100,32,3.78,0.9530
600,600,100,50,50mm,f/20.0,50 units,Circle (∅2.5mm),1/0.017,100,32,24.93,1.4441
600,600,1000,50,50mm,f/20.0,50 units,Circle (∅2.5mm),1/0.017,100,32,224.25,1.6053
600,600,1000,50,50mm,f/20.0,50 units,Circle (∅2.5mm),1/0.017,100,32,223.74,1.6090
600,600,1000,50,50mm,f/20.0,50 units,Circle (∅2.5mm),1/0.017,100,32,222.92,1.6149
600,600,10,50,50mm,f/20.0,50 units,Circle (∅2.5mm),1/0.017,100,32,3.78,0.9515
600,600,50,50,50mm,f/20.0,50 units,Circle (∅2.5mm),1/0.017,100,32,13.10,1.3744
600,600,50,50,50mm,f/20.0,50 units,Circle (∅2.5mm),1/0.017,100,32,13.08,1.3760
600,600,10,50,50mm,f/20.0,50 units,Circle (∅2.5mm),1/0.017,100,32,2.07,1.7415
600,600,10,50,50mm,f/20.0,50 units,Circle (∅2.5mm),1/0.017,100,32,1.90,1.8986
600,600,10,50,50mm,f/20.0,50 units,Circle (∅2.5mm),1/0.017,100,32,1.88,1.9116
600,600,10,50,50mm,f/20.0,50 units,Circle (∅2.5mm),1/0.017,100,32,1.89,1.9053
600,600,100,50,50mm,f/20.0,50 units,Circle (∅2.5mm),1/0.017,100,32,6.56,5.4852
600,600,100,50,50mm,f/20.0,50 units,Circle (∅2.5mm),1/0.017,100,32,6.67,5.3984
600,600,100,50,50mm,f/20.0,50 units,Circle (∅2.5mm),1/0.017,100,32,6.67,5.4009
600,600,100,50,50mm,f/20.0,50 units,Circle (∅2.5mm),1/0.017,100,32,6.58,5.4714
600,600,100,50,50mm,f/20.0,50 units,Circle (∅2.5mm),1/0.017,100,32,6.68,5.3880
600,600,10,50,50mm,f/20.0,50 units,Circle (∅2.5mm),1/0.017,100,32,1.87,1.9267
600,600,10,50,50mm,f/20.0,50 units,Circle (∅2.5mm),1/0.017,100,32,3.53,1.0204
600,600,10,50,50mm,f/20.0,50 units,Circle (∅2.5mm),1/0.017,100,32,1.85,1.9424
600,600,1000,50,50mm,f/20.0,50 units,Circle (∅2.5mm),1/0.017,100,32,47.60,7.5624
600,600,1000,50,50mm,f/20.0,50 units,Circle (∅2.5mm),1/0.017,100,32,47.81,7.5299
600,600,10,50,50mm,f/20.0,50 units,Circle (∅2.5mm),1/0.017,100,32,1.87,1.9201
600,600,10,50,50mm,f/20.0,50 units,Circle (∅2.5mm),1/0.017,100,32,1.85,1.9442
600,600,10,50,50mm,f/20.0,50 units,Circle (∅2.5mm),1/0.017,100,32,12.32,0.2923
600,600,10,50,50mm,f/20.0,50 units,Circle (∅2.5mm),1/0.017,100,32,1.86,1.9308
600,600,10,50,50mm,f/20.0,50 units,Circle (∅2.5mm),1/0.017,100,32,14.78,0.2437
600,600,10,50,50mm,f/20.0,50 units,Circle (∅2.5mm),1/0.017,100,32,1.88,1.9151
600,600,10,50,50mm,f/20.0,50 units,Circle (∅2.5mm),1/0.017,100,32,2.00,1.8032
600,600,100,50,50mm,f/20.0,50 units,Circle (∅2.5mm),1/0.017,100,32,6.87,5.2412
600,600,1000,50,50mm,f/20.0,50 units,Circle (∅2.5mm),1/0.017,100,32,54.59,6.5944
600,600,1000,50,50mm,f/20.0,50 units,Circle (∅2.5mm),1/0.017,100,32,54.62,6.5916
600,600,100,50,50mm,f/20.0,50 units,Circle (∅2.5mm),1/0.017,100,32,6.97,5.1645
600,600,10,50,50mm,f/20.0,50 units,Circle (∅2.5mm),1/0.017,100,32,1.87,1.9207
600,600,10,50,50mm,f/20.0,50 units,Circle (∅2.5mm),1/0.017,100,32,1.97,1.8284
600,600,10,50,50mm,f/20.0,50 units,Circle (∅2.5mm),1/0.017,100,32,1.97,1.8305
600,600,10,50,50mm,f/20.0,50 units,Circle (∅2.5mm),1/0.017,100,32,1.97,1.8258
600,600,100,50,50mm,f/20.0,50 units,Circle (∅2.5mm),1/0.017,100,32,7.06,5.0999
600,600,100,50,50mm,f/20.0,50 units,Circle (∅2.5mm),1/0.017,100,32,7.00,5.1444
600,600,100,50,50mm,f/20.0,50 units,Circle (∅2.5mm),1/0.017,100,32,7.08,5.0822
600,600,100,50,50mm,f/20.0,50 units,Circle (∅2.5mm),1/0.017,100,32,10.29,3.4996
600,600,1000,50,50mm,f/20.0,50 units,Circle (∅2.5mm),1/0.017,100,32,85.82,4.1949
600,600,10,50,50mm,f/20.0,50 units,Circle (∅2.5mm),1/0.017,100,32,2.59,1.3903
600,600,100,50,50mm,f/20.0,50 units,Circle (∅2.5mm),1/0.017,100,32,10.68,3.3696
600,600,100,50,50mm,f/20.0,50 units,Circle (∅2.5mm),1/0.017,100,32,9.48,3.7963
600,600,100,50,50mm,f/20.0,50 units,Circle (∅2.5mm),1/0.017,100,32,10.76,3.3446
600,600,100,50,50mm,f/20.0,50 units,Circle (∅2.5mm),1/0.017,100,32,9.77,3.6860
600,600,100,50,50mm,f/20.0,50 units,Circle (∅2.5mm),1/0.017,100,32,9.40,3.8302
600,600,100,50,50mm,f/20.0,50 units,Circle (∅2.5mm),1/0.017,100,32,8.67,4.1505
600,600,100,50,50mm,f/20.0,50 units,Circle (∅2.5mm),1/0.017,100,32,10.08,3.5724
600,600,200,50,50mm,f/20.0,50 units,Circle (∅2.5mm),1/0.017,100,32,17.97,4.0078
600,600,200,50,50mm,f/20.0,50 units,Circle (∅2.5mm),1/0.017,100,32,18.09,3.9808
600,600,200,50,50mm,f/20.0,50 units,Circle (∅2.5mm),1/0.017,100,32,18.19,3.9572
600,600,200,50,50mm,f/20.0,50 units,Circle (∅2.5mm),1/0.017,100,32,15.38,4.6829
600,600,200,50,50mm,f/20.0,50 units,Circle (∅2.5mm),1/0.017,100,32,17.77,4.0513
600,600,200,50,50mm,f/20.0,50 units,Circle (∅2.5mm),1/0.017,100,32,17.77,4.0528
600,600,200,50,50mm,f/20.0,50 units,Circle (∅2.5mm),1/0.017,100,32,17.98,4.0049
600,600,200,50,50mm,f/20.0,50 units,Circle (∅2.5mm),1/0.017,100,32,17.85,4.0337
600,600,1,50,50mm,f/20.0,50 units,Circle (∅2.5mm),1/0.017,100,32,1.74,0.2070
600,600,1,50,50mm,f/20.0,50 units,Circle (∅2.5mm),1/0.017,100,32,1.47,0.2442
600,600,1,50,50mm,f/20.0,50 units,Circle (∅2.5mm),1/0.017,100,32,1.45,0.2476
600,600,1,50,50mm,f/20.0,50 units,Circle (∅2.5mm),1/0.017,100,32,1.49,0.2413
600,600,1,50,50mm,f/20.0,50 units,Circle (∅2.5mm),1/0.017,100,32,1.47,0.2446
600,600,1,50,50mm,f/20.0,50 units,Circle (∅2.5mm),1/0.017,100,32,1.47,0.2454
600,600,1,50,50mm,f/20.0,50 units,Circle (∅2.5mm),1/0.017,100,32,1.49,0.2409
600,600,1,50,50mm,f/20.0,50 units,Circle (∅2.5mm),1/0.017,100,32,1.51,0.2391
600,600,1,50,50mm,f/20.0,50 units,Circle (∅2.5mm),1/0.017,100,32,1.49,0.2424
600,600,1,50,50mm,f/20.0,50 units,Circle (∅2.5mm),1/0.017,100,32,1.46,0.2458
600,600,1,50,50mm,f/20.0,50 units,Circle (∅2.5mm),1/0.017,100,32,1.47,0.2447
600,600,100,50,50mm,f/20.0,50 units,Circle (∅2.5mm),1/0.017,100,32,9.57,3.7608
600,600,1000,50,50mm,f/20.0,50 units,Circle (∅2.5mm),1/0.017,100,32,79.66,4.5192
